imie,nazwisko,wiek,email
Anna,Kowalska,28,anna.kowalska@gmail.com
Piotr,Nowak,34,piotr.nowak@onet.pl
Katarzyna,Wi¶niewska,22,k.wisniewska@wp.pl
Tomasz,Wójcik,40,tomasz.wojcik@interia.pl
Agnieszka,Kowalczyk,31,a.kowalczyk@o2.pl
Marek,Wo¼niak,29,marek.wozniak@gmail.com
Magdalena,Kaczmarek,35,magda.kaczmarek@wp.pl
Pawe³,Mazur,27,mazur.pawel@interia.pl
Ewa,Krawczyk,24,ewa.krawczyk@o2.pl
Jakub,Piotrowski,33,jakub.p@gmail.com
Maria,Grabowska,30,m.grabowska@onet.pl
Krzysztof,Zaj±c,45,krzysztof.zajac@interia.pl
Monika,Kubiak,26,monika.kubiak@gmail.com
Rafa³,Król,37,rafal.krol@wp.pl
Natalia,Jankowska,21,natalia.jankowska@o2.pl
£ukasz,Wieczorek,32,wieczorek.lukasz@gmail.com
Justyna,Krawczyk,29,justyna.krawczyk@interia.pl
Grzegorz,Kurek,38,g.kurek@onet.pl
Aleksandra,Nowicka,25,ola.nowicka@wp.pl
Dawid,D±browski,36,dawid.dabrowski@gmail.com
Julia,Majewska,23,juliam@o2.pl
Mateusz,Olszewski,27,mat.olszewski@interia.pl
Joanna,Jaworska,31,j.jaworska@onet.pl
Adrian,Adamczyk,33,a.adamczyk@gmail.com
Patrycja,Malinowska,28,patrycja.malinowska@wp.pl
Daniel,Pawlak,39,danielpawlak@o2.pl
Barbara,Sikora,30,barbara.sikora@interia.pl
Sebastian,Walczak,34,seba.walczak@gmail.com
Izabela,Rutkowska,26,i.rutkowska@onet.pl
Dominik,Szymañski,35,dominik.szymanski@wp.pl
Wiktoria,Kubiak,22,wiktoria.kubiak@o2.pl
Maciej,Marciniak,41,maciek.marciniak@gmail.com
Sandra,W³odarczyk,24,sandra.wlodarczyk@interia.pl
Artur,G³owacki,37,a.glowacki@onet.pl
Karolina,Chmielewska,27,karolina.chmielewska@wp.pl
Bart³omiej,Kopeæ,32,bartlomiej.kopec@gmail.com
Zuzanna,Nowacka,23,zuzanna.nowacka@o2.pl
Szymon,B±k,28,szymon.bak@interia.pl
Beata,Michalska,30,beata.michalska@wp.pl
Micha³,Czerwiñski,36,michal.czerwinski@gmail.com
Paulina,Zalewska,29,paulina.zalewska@onet.pl
Wojciech,Urbaniak,42,wojtek.urbaniak@interia.pl
Natalia,Baran,26,natalia.baran@wp.pl
Kamil,Sadowski,33,kamil.sadowski@o2.pl
Emilia,Tomczak,25,emilia.tomczak@gmail.com
Marcin,Wasilewski,38,m.wasilewski@wp.pl
Oliwia,Zió³kowska,21,oliwia.ziolkowska@interia.pl
Norbert,Stepien,35,norbert.stepien@o2.pl
Martyna,Wilk,27,martyna.wilk@onet.pl
Damian,Zych,34,damian.zych@gmail.com
